{"cameraMode":{"drawMode":0,"name":"Shaded","section":"Shading Mode"},"sceneLighting":true,"audioPlay":false,"sceneViewState":{"m_AlwaysRefresh":false,"showFog":true,"showSkybox":true,"showFlares":true,"showImageEffects":true,"showParticleSystems":true,"showVisualEffectGraphs":true,"m_FxEnabled":true},"in2DMode":false,"pivot":{"x":101.60295867919922,"y":47.525047302246097,"z":-2.673712730407715},"rotation":{"x":0.0014999599661678076,"y":0.01350001897662878,"z":-0.000020376550310174935,"w":0.9999104142189026},"size":44.851951599121097,"orthographic":false}